ID|Key|Raw|UserKey|BehaviourKey
100000|b12b9635b82f989a7c418416389006fdfe2c17fb76dc6c345c63c03cbe0d7ddb|100000⋮list⋮users|6f6a20d96b01991be30f1e095e3e94acc0dc6063bb429680d961d4967060d44d|7369a99e5e0d8e81a2aeb02a1a4401168af713d7690199770efa498f04298cc7
100001|de29ad3dff1feb87ee84164e0b877cbd7ee2b91dde01e0f7cb56272b3239a3d7|100000⋮view⋮users|6f6a20d96b01991be30f1e095e3e94acc0dc6063bb429680d961d4967060d44d|87674b1db588f2e047e688eb8c1357e4a603a7dcec2f3fe66a1f67dd6685bd20
100002|2167ca29e4671076af38ca6af1e72734b2f7024642485f686dfb5693094c01a1|100000⋮edit⋮users|6f6a20d96b01991be30f1e095e3e94acc0dc6063bb429680d961d4967060d44d|7999e870a524c2380bf96fec4ab79ea80d24af066005ddfc99d1b6d021e8942e
100003|4560ef474bb9c676c4d21f31d8b352be44be1f972b7c23444b8f8dd89cf9a48a|100000⋮update⋮users|6f6a20d96b01991be30f1e095e3e94acc0dc6063bb429680d961d4967060d44d|a51c9bc683d31b9778f0b4340598a7b4ea4298a75950dc39fa5b0ea1c68ece19
100004|8bb9967537be5a7f050cfd535adbcf72a221d00896396dba5e0b5fa4ef464b55|100000⋮list⋮status|6f6a20d96b01991be30f1e095e3e94acc0dc6063bb429680d961d4967060d44d|ffd4b03a2d01debe073cd97b10632472e3e33819711475436fff9704f4c973b3
100005|f35886e9a80420b1141f2a8f04951694fe18f19e43ff69612f2c4d58f7686d76|100000⋮view⋮status|6f6a20d96b01991be30f1e095e3e94acc0dc6063bb429680d961d4967060d44d|3f1ed89c7c477d70958de5bad1e0e06bcabcf9a60b5b0b2af749e9d6d4845fff
100006|4b5a2636b555f186cacbdd0cbe31d5e7677490888a3f9584ff31bab0f1c77b90|100000⋮edit⋮status|6f6a20d96b01991be30f1e095e3e94acc0dc6063bb429680d961d4967060d44d|605ac695e3c77451e75a44f154db63c366f88f807e8ec5e91cafc0805288faf4
100007|4cafe6acf05d3f8bc504a0d0d1921def27254c5be91b163cbdd961852aa06111|100000⋮update⋮status|6f6a20d96b01991be30f1e095e3e94acc0dc6063bb429680d961d4967060d44d|511a8798bbd45a43496b49382783875ca4eaf7df9e74d5f428aa3ece78d7de98
100008|172d7e51f4689c9a8390bec174ab570f60774bf92beb2e80a41bb136a1c0409e|100000⋮view⋮settings|6f6a20d96b01991be30f1e095e3e94acc0dc6063bb429680d961d4967060d44d|7430f7b5149d3c88416213b84a6e7d8e632471a6927d5187092c4d20dd870d3e
100009|724fe57437e25ae9c465d022c2559e26f560c2fc83aec13f07d19b658c86ddde|100000⋮edit⋮settings|6f6a20d96b01991be30f1e095e3e94acc0dc6063bb429680d961d4967060d44d|b7f12c43695b1ac2944448df8c5d1e07c39fc7063d2d5db0be8bcae88a0fed1b
100010|8ec4182a2a6ecd5e3995fdff8a1ee8a5a0e68734ed14597ad5abd53bd9e67eca|100000⋮update⋮settings|6f6a20d96b01991be30f1e095e3e94acc0dc6063bb429680d961d4967060d44d|a09172902bfa6e0ce10ecc147251f6839c5e11cd9a77b80dcb69e1d09581a19c
100011|cb86a9adff870e431b892572933a82e4b1dfb37069fe6b9dce5da6d31be34df2|100000⋮list⋮zones|6f6a20d96b01991be30f1e095e3e94acc0dc6063bb429680d961d4967060d44d|a545d1e469868bceeda63ce7fa7f7c7a08a5ea1fe8621de575bfe02309ae8011
100012|fa0e0b1e1a301cf8c6c46290701d3c67de658f24078afe852b4c0b189fc11a46|100000⋮view⋮zones|6f6a20d96b01991be30f1e095e3e94acc0dc6063bb429680d961d4967060d44d|085adcfb21cab00a32be96f44983bbeb90ab4de12726ca261e737282467a77c7
100013|cfce2b7e4a8ce738fc30e5dae1123146b7c07c4c0fd590d44534029b9fe16ff8|100000⋮edit⋮zones|6f6a20d96b01991be30f1e095e3e94acc0dc6063bb429680d961d4967060d44d|96dd1340be78a883db1d9923ae162b465287adfe50b87b244738f9b53c8afc49
100014|a319c33ab5c2c1d73abbcb5f4bbfdbf9e2d101cdc5b37cefef65ae1677207897|100000⋮update⋮zones|6f6a20d96b01991be30f1e095e3e94acc0dc6063bb429680d961d4967060d44d|cf454fbfbbd6e993576291d5ca014c7b37345873d0a83d3e0c79852832f7f0e1
100015|c323dea0a69f901f66a01e18931bdbfc8532a14d027d42a9ec1dac4a29df94c2|100000⋮list⋮hosts|6f6a20d96b01991be30f1e095e3e94acc0dc6063bb429680d961d4967060d44d|9e37e06fd84a2d694a84a7e636b0fdfd61ab4a9398741ebb20dab6f50a64fc64
100016|f816a94fdd3b4cc300d53ab78a9dae23f373431bcc058301656b1f3250b96290|100000⋮view⋮hosts|6f6a20d96b01991be30f1e095e3e94acc0dc6063bb429680d961d4967060d44d|7020693df8dabdbe120ea1ffd25c663ce015e45b240166efb60d0ec331ce192f
100017|7fdf9fb2b2c4a495777299cf6e444db2d342f9af7ba8d8d717b7d2bf39573373|100000⋮edit⋮hosts|6f6a20d96b01991be30f1e095e3e94acc0dc6063bb429680d961d4967060d44d|4c15708cdc3c538e713ad901fd8a881624c050d1e04f1f189da83723ba8a6524
100018|c25cfb5e828b0774253eebcee3a580a76988c08746c61d57eea10d27af209fe0|100000⋮update⋮hosts|6f6a20d96b01991be30f1e095e3e94acc0dc6063bb429680d961d4967060d44d|9f8cd5872f9104d2078f3f6e39355b05b188a1ef2f5efe32700227653e2c091a
100019|c237c16eaefbb573d53784ca6faff04bfaf2ca8012fc5c37111d2e8ff895bf84|100000⋮enable⋮hosts|6f6a20d96b01991be30f1e095e3e94acc0dc6063bb429680d961d4967060d44d|c4e3473a21dfc0564def24a4fdf11455912ef142249ff3e017535d494ad774c9
100020|5611233cdc03d79006a9410074d5fc93890677999808ec9f80cd79c2ad211a7b|100000⋮disable⋮hosts|6f6a20d96b01991be30f1e095e3e94acc0dc6063bb429680d961d4967060d44d|8c2f1d51bacd0833ada5b9cd16ff7fb00183115bcccccb4650b26b20158bdc76
100021|f94de59cb16cd982e7c4e9126008c7b4dee5d38fc4214ec5c639235ab9892ab0|100000⋮list⋮authorities|6f6a20d96b01991be30f1e095e3e94acc0dc6063bb429680d961d4967060d44d|5cbf2b6cc1d5c422c950486a3594948fce3b46d8ed437f4b52ea2f555d7b96c3
100022|b64973ef76f0cefcc93f6aea1bf588fa5ed5412efb5d6fd4df6adda96770be82|100000⋮view⋮authorities|6f6a20d96b01991be30f1e095e3e94acc0dc6063bb429680d961d4967060d44d|db048a946b69f2f20989a7f617dd8508898eda63b0ec71040a1c41a95be2f65a
100023|652e6b08b7945c3dce468645f0cebf9f6091c2580a5a08c19b4b1dad57dcf350|100000⋮edit⋮authorities|6f6a20d96b01991be30f1e095e3e94acc0dc6063bb429680d961d4967060d44d|63f0b5c67f311c2518874a229340fee3bba37c3c6953a8fe15b5c5af2cd74fea
100024|57cca92516afe58860971dda27461ba92c75afa5d6be7b87e14b07a639ba52e3|100000⋮update⋮authorities|6f6a20d96b01991be30f1e095e3e94acc0dc6063bb429680d961d4967060d44d|3067fd53b3ff99f203b49fff96a797c6d346455c825b98eb39c2569f8bf1cc8b
100025|4eba077c4002a2a173d1a92090aa8309b4630d5affe0e724292a41dfdabf6fec|100000⋮list⋮behaviours|6f6a20d96b01991be30f1e095e3e94acc0dc6063bb429680d961d4967060d44d|f1e215c27a65a0ff4e1d9b7d6edff757fc7654eb19a224d3a081813b6b5e6714
100026|94c7779f43f79b37c1711a137ca8093775f53c5846e42de5065041f17b95c78b|100000⋮view⋮behaviours|6f6a20d96b01991be30f1e095e3e94acc0dc6063bb429680d961d4967060d44d|cae409e50c22e49e9c6a7eee0ff6b294d53517212d369a108ab6484cbf14a599
100027|7253467e39d8b90314839895d847e3bed9465412e3318a4698828a85217e5bb8|100000⋮edit⋮behaviours|6f6a20d96b01991be30f1e095e3e94acc0dc6063bb429680d961d4967060d44d|902a527392dc847a5fa319b5ede237249a6431533ef85dbb71b1bef47015478a
100028|f851f762c4938e8476478cc1f26feded437097cd9068a89e278b733dca5ca9f7|100000⋮update⋮behaviours|6f6a20d96b01991be30f1e095e3e94acc0dc6063bb429680d961d4967060d44d|80530d49b51f79153abcfe7d756b5e165aadf77cbb9f526ad7b6efd798a2d62a
100029|86c0afc3c1091e0bf3ba9cb054b22b357df3ea6a0daeecd4a855db8f8360131c|100000⋮message⋮fail|6f6a20d96b01991be30f1e095e3e94acc0dc6063bb429680d961d4967060d44d|3999693897abe9259721e2753e50c9d188b057ea62522b5f6a8f02b540417b57
100030|80aadcd3109e5cf78df2bc79565b88196b8c645c5f1ee832519eb49683c13702|100000⋮message⋮oops|6f6a20d96b01991be30f1e095e3e94acc0dc6063bb429680d961d4967060d44d|1c026dadbd381d369c422d9ee03c8d66abd75b608e762bc5bafd6eddd8e3e3d8
100031|2e4f99845a62c0b067a8338e3a24c56aa2218dc29bdc4cc71e380f62ef00b747|100000⋮message⋮success|6f6a20d96b01991be30f1e095e3e94acc0dc6063bb429680d961d4967060d44d|73e08da6ac5a5ebdd703a23ab86bfc33e1cb685595ad07faf1ca696fcd434d2e
100032|e9bd16f1acb963f16c83e35d52b499e0f0c172e87fe68d2ae8b1c59aff33c27b|100000⋮message⋮healthcheck|6f6a20d96b01991be30f1e095e3e94acc0dc6063bb429680d961d4967060d44d|35f7a533204bedab25c51c1dbd195d87f2bbe44949dbe8d8a7532bec327cac94
100033|021f2fb20b145eed36f901eac4c56dbceed4de1b96738db7a5191b01cb80bddf|100000⋮message⋮apis|6f6a20d96b01991be30f1e095e3e94acc0dc6063bb429680d961d4967060d44d|1171f5657d6d3892da6698497645c71c211194c14a3e1cf19dbac1d4bf3d77f2
100034|17f501c9d9b2f30fdb67100a3317f272077977eda46428c3dfcae4038594799b|100000⋮list⋮security|6f6a20d96b01991be30f1e095e3e94acc0dc6063bb429680d961d4967060d44d|fc9ae0b548e266129ee48709accbd5963adac65f6122488188b9d2a2897ba1db
100035|d41eca80d9529d853d42497c8e42de3859dfe69af73ce11208a00c95893d1961|100000⋮view⋮security|6f6a20d96b01991be30f1e095e3e94acc0dc6063bb429680d961d4967060d44d|5b2aaad3dc35b26b8bf32da192891ebb1a431388fad4ea48f03bfc50e8dc0c05
100036|00a91fcdd84e08c91367b7921cf2bcffdea8a5eb13909d6d7958a61f204b1464|100000⋮edit⋮security|6f6a20d96b01991be30f1e095e3e94acc0dc6063bb429680d961d4967060d44d|7134d0580ac38b2aa7677a84e054642276fde4320ef65a3fc777b9d55e30fb17
100037|412018ef25b9e3da895bbd1143eec42fcbc67e4ef7bf5e86eebecabc075c07db|100000⋮update⋮security|6f6a20d96b01991be30f1e095e3e94acc0dc6063bb429680d961d4967060d44d|5079cf027ba2caa02c59b30ad9f20111e19a21af240edb65d43f9372f084e5a9
100038|ad46f5d18e56e9696c7c7a6e9486f6b03844c0263248c125f47527e63c149b28|100000⋮route⋮home|6f6a20d96b01991be30f1e095e3e94acc0dc6063bb429680d961d4967060d44d|45fbaefb938a89c6ce6d6c9f931fba20001591ed05f74329c671fdd0125cb51e
100039|8e2b303f8dbb36f04b54d85854dd467927b23de41c4675e710c3ed7f16b3c71d|100000⋮api⋮admin|6f6a20d96b01991be30f1e095e3e94acc0dc6063bb429680d961d4967060d44d|502fec8d98a854f7361f32031523fb87519556315c4958c935df80bc4544e330
100040|2c6a39808cab940596afae36039925d579a33d2229da36a547db25a32cfd165f|100000⋮edit⋮passwords|6f6a20d96b01991be30f1e095e3e94acc0dc6063bb429680d961d4967060d44d|3d3f2bda59e66be0d0c7bde75918864aff5eb42ff750fc8cd5bcf0085b92718e
100041|ecbccebf2c65d9a816a11dc2d417b0a8b310984ec6984a4da6380c547b5d5ec2|100000⋮edit⋮sessions|6f6a20d96b01991be30f1e095e3e94acc0dc6063bb429680d961d4967060d44d|033efaa115c1bd90adaa841dcb75a886db76eef1e4fccce585cad53743b6cb57
100042|3084fdac1e404129f0f93397b2a75a7a8e313ac101179706f83d66ee7be305a3|100000⋮edit⋮texts|6f6a20d96b01991be30f1e095e3e94acc0dc6063bb429680d961d4967060d44d|7f0ab1094d9342242a9e81f7b094eca83f5a251cd6a56aa32ae5f04e83af3656
100043|2c025e05215d05d7e6653238fc89f162583e7f62ff39adc376c0751975d105f9|100000⋮login⋮security|6f6a20d96b01991be30f1e095e3e94acc0dc6063bb429680d961d4967060d44d|f889c2fd6af64e3ae8d2db2752d7a2c3775a931a9727cdeb69d62bf4b533cda5
100044|ec2adb95869c6ea5bb27251cb8fc229d17c1c8fdb7f65c5d03fae0ba6b23ca05|100000⋮list⋮passwords|6f6a20d96b01991be30f1e095e3e94acc0dc6063bb429680d961d4967060d44d|0bc67ef1e0cb260b528266af8cee8a595f7a86bd9f748bb6c92fb8658e53d319
100045|4045dcd5202973c7dced67d98f00ba8ace98587cdd9bc0f139775c8fc7e5db30|100000⋮list⋮sessions|6f6a20d96b01991be30f1e095e3e94acc0dc6063bb429680d961d4967060d44d|4b2268d4030becd1b6365c1ad1d845430c69e615dfafcc7b142c27564ca5e644
100046|4552ca4e541444a7e8704186ec9168569f75c708d5cba04f65f3ff0b5709edf3|100000⋮list⋮texts|6f6a20d96b01991be30f1e095e3e94acc0dc6063bb429680d961d4967060d44d|9555841894fea56953b3e0831ca1ee1cbfc3effdc3007dd6a2d11026fb06fa33
100047|7c9d1d4fc6f30cbfbef1a938120c0dda29e8a7f4020c3739f682a842260e988b|100000⋮route⋮routes|6f6a20d96b01991be30f1e095e3e94acc0dc6063bb429680d961d4967060d44d|5b06d165bf52d3b26b81fa72474afd404796e7bcf30ae95bcc8054336dc453ec
100048|6e73827dd8acc9d1247dbaa436f4c71c3227377066d3f4e8c8b7cc07ad170a87|100000⋮update⋮sessions|6f6a20d96b01991be30f1e095e3e94acc0dc6063bb429680d961d4967060d44d|1f8309fc5b4e472be9494f09ed490b9303db2307c8b65152be0e4b4b686fe15e
100049|054bb35db1c1129ba16675bdfb7aaf4a9bfba39bf8067f585d35f7aaa6f93936|100000⋮update⋮passwords|6f6a20d96b01991be30f1e095e3e94acc0dc6063bb429680d961d4967060d44d|ceb10677a24955f473d13fb946a397afb28149e5e4810fab709c3247d6a262b2
100050|a5d3edca2adf2f20de7df0e31878802b5484e03e406e83ab421446387112c6df|100000⋮update⋮texts|6f6a20d96b01991be30f1e095e3e94acc0dc6063bb429680d961d4967060d44d|b5ab160a8d88fbba40c9a4931aeaafb888622c4f25721767946de346c3476dec
100051|a84fc34b3c472a465255ef94a3a4373b523da791852eb9c087d0cfabf8926c22|100000⋮view⋮passwords|6f6a20d96b01991be30f1e095e3e94acc0dc6063bb429680d961d4967060d44d|588ef77a6b9807ae07f308a4195bbd1ce81483b09713028e1008a59649d5d8d1
100052|d19c4af98fa5c47dbb3c05c7dc5681a184d659120e92a88b6b758b9f07dffb58|100000⋮view⋮sessions|6f6a20d96b01991be30f1e095e3e94acc0dc6063bb429680d961d4967060d44d|eef9910f3c46bbf797b3f3d4dec52a22ac881819cf4821eb6d04b42bb0b4947a
100053|b4cc189b3967f8525a790baf43e98b3df22b5fa44d169c5ae79e14c9937fe4b3|100000⋮view⋮tests|6f6a20d96b01991be30f1e095e3e94acc0dc6063bb429680d961d4967060d44d|f7792432aced1ffc58d0ac6fae7daf9a20d66df4eb5647940fe3af479c9baa53
100054|083724b42b2156d4cd80981758fe4a845af8f4b5ea314f93608d4a678ad9b2c5|100000⋮view⋮texts|6f6a20d96b01991be30f1e095e3e94acc0dc6063bb429680d961d4967060d44d|4ad9c770bf6904936ed9be12ec7743e22605bc784eed51040d5c5b10ea60dfed
100055|2668f8fb31a6eb280cf016c2d2dbd7341a53da35409c4f72eff99d5a9bf716c7|100002⋮list⋮users|105479324bb84a4a50d402675fe3c4346ee118537c48927101484a1eb33bec32|7369a99e5e0d8e81a2aeb02a1a4401168af713d7690199770efa498f04298cc7
100056|ac2af3bbf36d7e1114887cf76e9f971953508ee27521ac850a2338a261be0776|100002⋮view⋮users|105479324bb84a4a50d402675fe3c4346ee118537c48927101484a1eb33bec32|87674b1db588f2e047e688eb8c1357e4a603a7dcec2f3fe66a1f67dd6685bd20
100057|dfb25b88815d790dd706b6f0708e3f8feb052b31d6e9f5c7e038ee2064d7334f|100002⋮edit⋮users|105479324bb84a4a50d402675fe3c4346ee118537c48927101484a1eb33bec32|7999e870a524c2380bf96fec4ab79ea80d24af066005ddfc99d1b6d021e8942e
100058|ff866e83038e872cbd2c8f3d6992b5b24ecaa4697ebe7f0ac547b2c40d32f798|100002⋮update⋮users|105479324bb84a4a50d402675fe3c4346ee118537c48927101484a1eb33bec32|a51c9bc683d31b9778f0b4340598a7b4ea4298a75950dc39fa5b0ea1c68ece19
100059|cf20aa5739554ad9a6c6120ce6f8793a79c137db969421d8c981941b7a27d13b|100002⋮list⋮status|105479324bb84a4a50d402675fe3c4346ee118537c48927101484a1eb33bec32|ffd4b03a2d01debe073cd97b10632472e3e33819711475436fff9704f4c973b3
100060|16bca4b1a5825b09b41300e7f9d4acd11d5846f95c53aa1cfacf4871595c3336|100002⋮view⋮status|105479324bb84a4a50d402675fe3c4346ee118537c48927101484a1eb33bec32|3f1ed89c7c477d70958de5bad1e0e06bcabcf9a60b5b0b2af749e9d6d4845fff
100061|8b631e9ab7180cf8b9bf21f1ea562e5e8fec50fd849b435f7923a0fdbdc28e6e|100002⋮edit⋮status|105479324bb84a4a50d402675fe3c4346ee118537c48927101484a1eb33bec32|605ac695e3c77451e75a44f154db63c366f88f807e8ec5e91cafc0805288faf4
100062|e6dff63f04a1f5f6184e8ace2932a6b6ba413e6496a78454ed46b377c509f80d|100002⋮update⋮status|105479324bb84a4a50d402675fe3c4346ee118537c48927101484a1eb33bec32|511a8798bbd45a43496b49382783875ca4eaf7df9e74d5f428aa3ece78d7de98
100063|2510c7b01cbd56c5f221cbbef73e5bfbbcd2cb8028ccda3ef4b12b78c8ea6721|100002⋮view⋮settings|105479324bb84a4a50d402675fe3c4346ee118537c48927101484a1eb33bec32|7430f7b5149d3c88416213b84a6e7d8e632471a6927d5187092c4d20dd870d3e
100064|4a8e62d7113326f138695e936f7835ffa183718bf337af97381a2232330ca075|100002⋮edit⋮settings|105479324bb84a4a50d402675fe3c4346ee118537c48927101484a1eb33bec32|b7f12c43695b1ac2944448df8c5d1e07c39fc7063d2d5db0be8bcae88a0fed1b
100065|c7a8d9c2fb2fc0abff2e929776206823164e5a49427cc38e9577f4e11dceca4a|100002⋮update⋮settings|105479324bb84a4a50d402675fe3c4346ee118537c48927101484a1eb33bec32|a09172902bfa6e0ce10ecc147251f6839c5e11cd9a77b80dcb69e1d09581a19c
100066|ece8f667aeb6a58d6451b3c5e622e0538d2eb0461c7ca39a7d11ab47e7f929db|100002⋮list⋮zones|105479324bb84a4a50d402675fe3c4346ee118537c48927101484a1eb33bec32|a545d1e469868bceeda63ce7fa7f7c7a08a5ea1fe8621de575bfe02309ae8011
100067|1d32bb76f1e6bc7a31502d629d81ae4d1270a2dc1a8edc9818d364746b8a53a5|100002⋮view⋮zones|105479324bb84a4a50d402675fe3c4346ee118537c48927101484a1eb33bec32|085adcfb21cab00a32be96f44983bbeb90ab4de12726ca261e737282467a77c7
100068|b49362454b9e08496ee4e61bf1b10a889bbd1b85e650afdb38e867948e43f277|100002⋮edit⋮zones|105479324bb84a4a50d402675fe3c4346ee118537c48927101484a1eb33bec32|96dd1340be78a883db1d9923ae162b465287adfe50b87b244738f9b53c8afc49
100069|e6685fe06f19db3740bc84abfbe03603edc4bcac417fad8ede32a35e31cef69f|100002⋮update⋮zones|105479324bb84a4a50d402675fe3c4346ee118537c48927101484a1eb33bec32|cf454fbfbbd6e993576291d5ca014c7b37345873d0a83d3e0c79852832f7f0e1
100070|385043836fa8f89e1aada86f5e809eba5e66a1e708a3a9ccdc01b699f74031cd|100002⋮list⋮hosts|105479324bb84a4a50d402675fe3c4346ee118537c48927101484a1eb33bec32|9e37e06fd84a2d694a84a7e636b0fdfd61ab4a9398741ebb20dab6f50a64fc64
100071|dd755ac5eab6b6c17d49dd53a3377829767dd9de76e2e32261fcf338f264b673|100002⋮view⋮hosts|105479324bb84a4a50d402675fe3c4346ee118537c48927101484a1eb33bec32|7020693df8dabdbe120ea1ffd25c663ce015e45b240166efb60d0ec331ce192f
100072|903b8e8b70ffd692448639c64f888c12532862c09bc88376bf5f1bbd3e751bd2|100002⋮edit⋮hosts|105479324bb84a4a50d402675fe3c4346ee118537c48927101484a1eb33bec32|4c15708cdc3c538e713ad901fd8a881624c050d1e04f1f189da83723ba8a6524
100073|0a86873e98d330ba3be0159c4ec78fb1a09c00ce79b66b577aaf37b6e003a259|100002⋮update⋮hosts|105479324bb84a4a50d402675fe3c4346ee118537c48927101484a1eb33bec32|9f8cd5872f9104d2078f3f6e39355b05b188a1ef2f5efe32700227653e2c091a
100074|38bf64dcb8e905bd067b5b17af0a976bc8e76ddde82be918d496ae7505af12f3|100002⋮enable⋮hosts|105479324bb84a4a50d402675fe3c4346ee118537c48927101484a1eb33bec32|c4e3473a21dfc0564def24a4fdf11455912ef142249ff3e017535d494ad774c9
100075|2f4d09395e08a19c075cfc358d237d439f7c406bf8cd613199a928fdf01af994|100002⋮disable⋮hosts|105479324bb84a4a50d402675fe3c4346ee118537c48927101484a1eb33bec32|8c2f1d51bacd0833ada5b9cd16ff7fb00183115bcccccb4650b26b20158bdc76
100076|c18944a10f6c3eb09916e9bb0ff352b4d011d107141b0bc9dcc9824983354b7f|100002⋮list⋮authorities|105479324bb84a4a50d402675fe3c4346ee118537c48927101484a1eb33bec32|5cbf2b6cc1d5c422c950486a3594948fce3b46d8ed437f4b52ea2f555d7b96c3
100077|c882bb974c34da0114568872b0aa7f5152be8cb221a8478bfe9ecc9be16dcb47|100002⋮view⋮authorities|105479324bb84a4a50d402675fe3c4346ee118537c48927101484a1eb33bec32|db048a946b69f2f20989a7f617dd8508898eda63b0ec71040a1c41a95be2f65a
100078|2892d24ad2ecb1bfb0b158610a4a86ecb0c78d7cd97103decbf7cda0bee15805|100002⋮edit⋮authorities|105479324bb84a4a50d402675fe3c4346ee118537c48927101484a1eb33bec32|63f0b5c67f311c2518874a229340fee3bba37c3c6953a8fe15b5c5af2cd74fea
100079|d03ed8edba1a428d719ed2a32092d4e30c5bcf907ee627497d8f6ba570bdc431|100002⋮update⋮authorities|105479324bb84a4a50d402675fe3c4346ee118537c48927101484a1eb33bec32|3067fd53b3ff99f203b49fff96a797c6d346455c825b98eb39c2569f8bf1cc8b
100080|aa85d46c7ce02bb6d5ec4065d8b7b1ecb8355d772170c62eaac09b88e5430ff1|100002⋮list⋮behaviours|105479324bb84a4a50d402675fe3c4346ee118537c48927101484a1eb33bec32|f1e215c27a65a0ff4e1d9b7d6edff757fc7654eb19a224d3a081813b6b5e6714
100081|ceab4ba100a25e4dd6eb8932d60887629aba4e1b6f6f2e36285a624d70c89c12|100002⋮view⋮behaviours|105479324bb84a4a50d402675fe3c4346ee118537c48927101484a1eb33bec32|cae409e50c22e49e9c6a7eee0ff6b294d53517212d369a108ab6484cbf14a599
100082|d23e80562ac68c87930b6e801230ecd8184798ebcebaefb8b977bb3de49c6c99|100002⋮edit⋮behaviours|105479324bb84a4a50d402675fe3c4346ee118537c48927101484a1eb33bec32|902a527392dc847a5fa319b5ede237249a6431533ef85dbb71b1bef47015478a
100083|fbcd7b96120367ec5fc82c3ba004e47385ade52dcdc76c4696b3acf18eca6abc|100002⋮update⋮behaviours|105479324bb84a4a50d402675fe3c4346ee118537c48927101484a1eb33bec32|80530d49b51f79153abcfe7d756b5e165aadf77cbb9f526ad7b6efd798a2d62a
100084|c7728dba204938bcb182e651f861aebed7c5fa8d62c436c21c4f8e37c761aabd|100002⋮message⋮fail|105479324bb84a4a50d402675fe3c4346ee118537c48927101484a1eb33bec32|3999693897abe9259721e2753e50c9d188b057ea62522b5f6a8f02b540417b57
100085|73ac882a6c7a0b4f48797e140ec96d2163e2f088fbfa91e04d30fe64e09b2c4a|100002⋮message⋮oops|105479324bb84a4a50d402675fe3c4346ee118537c48927101484a1eb33bec32|1c026dadbd381d369c422d9ee03c8d66abd75b608e762bc5bafd6eddd8e3e3d8
100086|7bec9047ef17ea0838007350bba55f39fc3618baa835cf856260b37ba984a2a5|100002⋮message⋮success|105479324bb84a4a50d402675fe3c4346ee118537c48927101484a1eb33bec32|73e08da6ac5a5ebdd703a23ab86bfc33e1cb685595ad07faf1ca696fcd434d2e
100087|5555e1e5e02952b69d2bba6ae79eafe890700a33bc113d491b2dfa3f0a80c64e|100002⋮message⋮healthcheck|105479324bb84a4a50d402675fe3c4346ee118537c48927101484a1eb33bec32|35f7a533204bedab25c51c1dbd195d87f2bbe44949dbe8d8a7532bec327cac94
100088|d6a4cc11708ded68ceb8764fa23f13f39cdb795a1bd4b6b4a45b71304f55f879|100002⋮message⋮apis|105479324bb84a4a50d402675fe3c4346ee118537c48927101484a1eb33bec32|1171f5657d6d3892da6698497645c71c211194c14a3e1cf19dbac1d4bf3d77f2
100089|1e1d4d63baa8043f71b6c03210950504d9a60aa46aafe33b00af36e02b4c6a8e|100002⋮list⋮security|105479324bb84a4a50d402675fe3c4346ee118537c48927101484a1eb33bec32|fc9ae0b548e266129ee48709accbd5963adac65f6122488188b9d2a2897ba1db
100090|fe7a0a9446d43d6dc95587d3f96e0f1d1fc2b3d1e65c6ebebfa20bcce892f1c9|100002⋮view⋮security|105479324bb84a4a50d402675fe3c4346ee118537c48927101484a1eb33bec32|5b2aaad3dc35b26b8bf32da192891ebb1a431388fad4ea48f03bfc50e8dc0c05
100091|d57c7c0092b1d3bbb8154f85bf2c2e2d76795894c3ae7fcc11ca1544991523ea|100002⋮edit⋮security|105479324bb84a4a50d402675fe3c4346ee118537c48927101484a1eb33bec32|7134d0580ac38b2aa7677a84e054642276fde4320ef65a3fc777b9d55e30fb17
100092|072c9cfdcbbd74f65ef291737e90fc43d6c13e34a76ff1ef08360ca9bdb73c05|100002⋮update⋮security|105479324bb84a4a50d402675fe3c4346ee118537c48927101484a1eb33bec32|5079cf027ba2caa02c59b30ad9f20111e19a21af240edb65d43f9372f084e5a9
100093|8ca39b9a1b21319a81958a34cb5fbedc26e79d10471e6db686f6dd86fc70becd|100002⋮route⋮home|105479324bb84a4a50d402675fe3c4346ee118537c48927101484a1eb33bec32|45fbaefb938a89c6ce6d6c9f931fba20001591ed05f74329c671fdd0125cb51e
100094|e21168fa53f60f964283dbd63c813308a69c6cb008fbb4389cb7eccedcb5bea7|100002⋮api⋮admin|105479324bb84a4a50d402675fe3c4346ee118537c48927101484a1eb33bec32|502fec8d98a854f7361f32031523fb87519556315c4958c935df80bc4544e330
100095|eac5d9a1ed0d95622af42ad0cbdf2582ab76089a97017abdbea4bfb148353109|100002⋮edit⋮passwords|105479324bb84a4a50d402675fe3c4346ee118537c48927101484a1eb33bec32|3d3f2bda59e66be0d0c7bde75918864aff5eb42ff750fc8cd5bcf0085b92718e
100096|617dcd7d89204bb38fd2b42a13133e30a9f58f62db9d7b99143fa0336a64192b|100002⋮edit⋮sessions|105479324bb84a4a50d402675fe3c4346ee118537c48927101484a1eb33bec32|033efaa115c1bd90adaa841dcb75a886db76eef1e4fccce585cad53743b6cb57
100097|d50f282e99bd614cb40c7b2b0d66b93ac1e1926af552f9715fcb612e5d583747|100002⋮edit⋮texts|105479324bb84a4a50d402675fe3c4346ee118537c48927101484a1eb33bec32|7f0ab1094d9342242a9e81f7b094eca83f5a251cd6a56aa32ae5f04e83af3656
100098|74aa7ccbcab3acc25440c1a3387be8bf4f2d1643b1870fecc6a778d4b5dbdf12|100002⋮login⋮security|105479324bb84a4a50d402675fe3c4346ee118537c48927101484a1eb33bec32|f889c2fd6af64e3ae8d2db2752d7a2c3775a931a9727cdeb69d62bf4b533cda5
100099|0291a43bcc2008bc9fd4316a6c70638b8193c359494ac15b6ee41da1d0d4b821|100002⋮list⋮passwords|105479324bb84a4a50d402675fe3c4346ee118537c48927101484a1eb33bec32|0bc67ef1e0cb260b528266af8cee8a595f7a86bd9f748bb6c92fb8658e53d319
100100|969c15613ee2b4ef3b5f63ea757560a0dc9449a501c03bfa7bb1a799e9f64db1|100002⋮list⋮sessions|105479324bb84a4a50d402675fe3c4346ee118537c48927101484a1eb33bec32|4b2268d4030becd1b6365c1ad1d845430c69e615dfafcc7b142c27564ca5e644
100101|0d3c71aa9d67d123a1fe872432ce01ab41da38e264f92a78e1d77035402f5ef0|100002⋮list⋮texts|105479324bb84a4a50d402675fe3c4346ee118537c48927101484a1eb33bec32|9555841894fea56953b3e0831ca1ee1cbfc3effdc3007dd6a2d11026fb06fa33
100102|c2aa48244d563a91f148d06e4efed58d95f66ccbeb355552a75b9867855dbfe0|100002⋮route⋮routes|105479324bb84a4a50d402675fe3c4346ee118537c48927101484a1eb33bec32|5b06d165bf52d3b26b81fa72474afd404796e7bcf30ae95bcc8054336dc453ec
100103|2c0c29e9d3d5766e1e3eeeb19f0baefb24054ca6c8dd30a7cead4f1349588b96|100002⋮update⋮sessions|105479324bb84a4a50d402675fe3c4346ee118537c48927101484a1eb33bec32|1f8309fc5b4e472be9494f09ed490b9303db2307c8b65152be0e4b4b686fe15e
100104|034d76db1826e3fb9d6816ea232b6ba5906a8a38a12773bd4a331a4a1dead77e|100002⋮update⋮passwords|105479324bb84a4a50d402675fe3c4346ee118537c48927101484a1eb33bec32|ceb10677a24955f473d13fb946a397afb28149e5e4810fab709c3247d6a262b2
100105|542e0cf6fea91c1ef346b5fe22af0c6099dc44425ffda133c388612db310f58e|100002⋮update⋮texts|105479324bb84a4a50d402675fe3c4346ee118537c48927101484a1eb33bec32|b5ab160a8d88fbba40c9a4931aeaafb888622c4f25721767946de346c3476dec
100106|8f1ef4da9bc6717881e8cf735008227bba9387861c11a0f661ef5056a074b9d6|100002⋮view⋮passwords|105479324bb84a4a50d402675fe3c4346ee118537c48927101484a1eb33bec32|588ef77a6b9807ae07f308a4195bbd1ce81483b09713028e1008a59649d5d8d1
100107|c7bf51e5239e48c7576e4959d1b27de0a589bdd26254435db91cf9d9d815127a|100002⋮view⋮sessions|105479324bb84a4a50d402675fe3c4346ee118537c48927101484a1eb33bec32|eef9910f3c46bbf797b3f3d4dec52a22ac881819cf4821eb6d04b42bb0b4947a
100108|5f6bfeb3fe83e5c9bcb4ec81ade0081fe4c5f2fdcb444dc09b182e18b1a14f00|100002⋮view⋮tests|105479324bb84a4a50d402675fe3c4346ee118537c48927101484a1eb33bec32|f7792432aced1ffc58d0ac6fae7daf9a20d66df4eb5647940fe3af479c9baa53
100109|884f59eb544b0ba97d0aaa91d7a1467b3d6e79f322c09959fc1e793ee4234491|100002⋮view⋮texts|105479324bb84a4a50d402675fe3c4346ee118537c48927101484a1eb33bec32|4ad9c770bf6904936ed9be12ec7743e22605bc784eed51040d5c5b10ea60dfed
# Generated (110) Authoritys at 11:56:56 2025-02-25 by 501_matttownsend on orion(*nix)